{
  "products": [
    {
       "id":1,
       "name":"Hero Electric Dash",
       "description":" Mileage  (50-60Km) and top speed ,1.34 kW Lithium Ion Battery ,77 kg Kerb Weight Charging Time 4 hrs",
       "imageUrl":"https://tse1.mm.bing.net/th?id=OIP.H_bR1Wc1fesusPm_apOeOwAAAA&pid=Api&P=0&w=286&h=181",
       "price":60000
    },
    {
      "id":2,
      "name":"Hero Electric Optima",
      "description":" Mileage  (50-65Km) and top speed 25-30Kmph ,1.34 kW Lithium Ion Battery,68 kg Kerb Weight Charging Time 4 hrs ",
      "imageUrl":"https://4.imimg.com/data4/PO/FC/MY-7931748/hero-zion-500x500.png",
      "price":59000
   },
   {
    "id":3,
    "name":"Ampere Rio",
    "description":" Mileage  (50-65Km) and top speed 25-30Kmph 1.15 kW Lithium Ion Battery 70 kg Kerb Weight Charging Time 5-6 hrs ",
    "imageUrl":"https://media.zigcdn.com/media/content/2018/May/ampere-vehicles-reo_300x225.jpg",
    "price":10990
 },
 {
  "id":4,
  "name":"Ather 450X(Pro)",
  "description":"2.90 kWh Lithium Ion Battery, 80 kmph Top Speed ,6 kW Peak Power26 Nm Max Torque",
  "imageUrl":"https://imgd.aeplcdn.com/476x268/bw/models/ather-450.jpg?20190103151915",
  "price":159000
},
{
  "id":5,
  "name":"Bajaj Chetak Electric",
  "description":"3.00 kWh Lithium Ion Battery,60 kmph Top Speed,4.08 kW Max Power,16 NM torque",
  "imageUrl":"https://cdn.pricesofindia.com/src/img/bajaj-chetak-electric.jpg",
  "price":119350
},
{
  "id":6,
  "name":"PureEV ePluto7G",
  "description":"2.50 kWh Lithium Ion Battery,63 kmph Top Speed ,2 kW Max Power,12 Degree Climbing",
  "imageUrl":"https://motoroctane.com/wp-content/uploads/2019/08/Pure-EV-ePluto.jpg",
  "price":85000
},
{
  "id":7,
  "name":"Fury 518 ",
  "description":"Battery : 36V * 10.4Ah Throttle Available : YES ,Pedal Assist Sensors : 12 magnet ,Pedal Assist Levels : 5 Physical Gears Available : Single Speed / 7 Speed",
  "imageUrl":"https://tse1.mm.bing.net/th?id=OIP.Pk0BOOZ36EMJFA4H6FY2GwAAAA&pid=Api&P=0&w=183&h=166",
  "price":56999
},
{
  "id":8,
  "name":"Hero Lectro e-Bikes",
  "description":"Battery : 36V * 5Ah/10.9Ah Throttle Available : YES/NO ,Pedal Assist Sensors : 8/12 magnet,Pedal Assist Levels : 3 ,Physical Gears Available :  7 Speed ",
  "imageUrl":"https://www.bikes4sale.in/pictures/default/hero-cycles-lectro-glide/hero-cycles-lectro-glide-228.jpg",
  "price":135999
},
{
  "id":9,
  "name":"Hulikkal e-Bikes",
  "description":"Battery:250 Watt Hrs ,Pedal Assist Sensors : 12 magnet ,Pedal Assist Levels : NA ,Physical Gears :  7 Speed",
  "imageUrl":"https://i.ytimg.com/vi/N9JH6vKPTfU/hqdefault.jpg",
  "price":34900
},
{
  "id":10,
  "name":"Tata Nexon Electric Compact",
  "description":"30.20 kWh Li-Ion Battery 120 kmph Top Speed,94.87 kW Peak Power - 320 Volt system,245 Nm Torque",
  "imageUrl":"https://tse4.mm.bing.net/th?id=OIP.zHkKvcukRmoKYOJlPmKlzgHaE6&pid=Api&P=0&w=246&h=164",
  "price":1399999
},
{
  "id":11,
  "name":"MG Motors ZS EV Electric SUV",
  "description":"44.50 kWh Li-Ion Battery 155 kmph Top Speed ,104 kW Peak Power,353 Nm Torque",
  "imageUrl":"https://tse3.mm.bing.net/th?id=OIP.OGDd08SvGetGQZgSSwyj1wAAAA&pid=Api&P=0&w=275&h=184",
  "price":2088000
},
{
  "id":12,
  "name":"Hyundai Kona Electric SUV",
  "description":"39.20 kWh Li-Polymer Battery 155 kmph Top Speed 100 kW Peak Power ,395 Nm Torque",
  "imageUrl":"https://s7g10.scene7.com/is/image/hyundaiautoever/kona-electric-technology-charging",
  "price":2371000
},
{
  "id":13,
  "name":"Revolt RV 400",
  "description":"3.24 kWh Lithium Ion Battery 80 kmph Top Speed 5 kW Max Power : Mid Drive Motor 170 Nm torque Variants : RV 300",
 "imageUrl":"https://bd.gaadicdn.com/processedimages/revolt-motors/rv-400/640X309/m_rv-400_11560855440.jpg?tr=w-360",
  "price":98999
},
{
  "id":14,
  "name":"Tork T6X",
  "description":"100 to 150 km TBC (coming soon)",
  "imageUrl":"https://bd.gaadicdn.com/processedimages/tork/t6x/640X309/v_tork-t6x.jpg",
  "price":124999
},
{
  "id":15,
  "name":"Ultraviolet Z77",
  "description":"100 to 150 km TBC (coming soon",
  "imageUrl":"https://images.carandbike.com/bike-images/medium/ultraviolette/f77/ultraviolette-f77.jpg?v=2",
  "price":299999
},
{
  "id":16,
  "name":"Mahindra eSupro Cargo ​Van",
  "description":"600 Kg Payload capacity 60 kmph Top Speed 25 kW @ 3000 RPM Power Lithium based battery",
  "imageUrl":"https://busimg.cardekho.com/p/274x191/in/mahindra/e-supro-passenger-van/mahindra-e-supro-passenger-van.jpg",
  "price":1081185
},
{
  "id":17,
  "name":"Kinetic Green Safar Shakti Star",
  "description":"400 Kg Payload capacity 3.6 kWh Lithium Ion battery 25 kmph Top Speed 6.5 kW @ Peak Power",
  "imageUrl":"https://5.imimg.com/data5/FD/YU/MY-51382072/kinetic-safar-shakti-250x250.jpg",
  "price":213400
},
{
  "id":18,
  "name":"Gayam Motors Taskman – Cargo",
  "description":"500 Kg Payload capacity 4.8 kWh Lithium Ion Battery 55 kmph Top Speed 4.5 kW Power",
  "imageUrl":"https://d1hl0z0ja1o93t.cloudfront.net/wp-content/uploads/2017/04/08172950/gayamnew.jpg.png",
  "price":325185
}
  ],
   "car": [
    {
       "id":1,
       "name":"Tata Nexon Electric Compact SUV",
       "battery": "30.20 kWh Li-Ion Battery",
       "speed": "120 kmph Top Speed",
       "engine": "94.87 kW Peak Power",
       "torque": "245 Nm Torque",
       "warranty":"10 yrs",
       "feature":"Track Your Car in One Click Navigate Your Way,Get Your Car Diagnosed,Locate Nearest Charging Station",
       "imageUrl":"https://sm.mashable.com/t/mashable_in/photo/default/tata-launches-compact-suv-nexon-ev-in-india_2kqh.960.jpg",
       "price":1399999
     
    },
    {
      "id":2,
      "name":"MG Motors ZS EV Electric SUV",
      "battery": "44.50 kWh Li-Ion Battery",
      "speed": "155 kmph Top Speed",
      "engine": "104 kW Peak Power",
      "torque": "353 Nm Torque",
      "warranty":"9 yrs",
      "feature":"Battery & Range Status,Vehicle Charging Status,Dynamic Range Estimation,Remote Tyre Pressure Check,CO2 reduction updates,Driver Analytics,Charging Station Search,Remote AC ON/OFF,Remote Door Unlock/Lock,Remote Light & Horn",
      "imageUrl":"https://c.ndtvimg.com/2019-11/6pf17sek_mg-zs-ev_650x400_15_November_19.jpg",
      "price":2088000
    
   },
   {
    "id":3,
    "name":"Hyundai Kona Electric SUV",
    "battery": "30.20 kWh Li-Ion Battery",
    "speed": "120 kmph Top Speed",
    "engine": "94.87 kW Power 320 Volt ",
    "torque": "245 Nm Torque",
    "warranty":"10 yrs",
    "feature":"Track Your Car in One Click Navigate Your Way,Get Your Car Diagnosed,Locate Nearest Charging Station",
    "imageUrl":"https://www.2020hyundairumors.com/wp-content/uploads/2019/04/2020-Hyundai-Kona-Electronic-SUV-Redesign.png",
    "price":2371000
  
 }
      ],
    "scooty": [
        {
           "id":1,
           "name":"Hero Electric Dash",
           "price":60000,
           "battery":"1.34 kW Lithium Ion Battery",
           "speed":"30 kmph Top Speed",
           "weight":"77 kg Kerb Weight",
           "chargingtime":"4 hrs ",
           "imageUrl":"https://bd.gaadicdn.com/processedimages/hero-motocorp/hero-motocorp-dash/source/m_dash_11572850422.jpg?tr=w-820,h-495,e-sharpen"        
        },
        {
          "id":2,
          "name":"Hero Electric Optima",
          "price":59000,
          "battery":"1.34 kW Lithium Ion Battery",
          "speed":"25-30 kmph Top Speed",
          "weight":"68 kg Kerb Weight",
          "chargingtime":"4 hrs ",
          "imageUrl":"https://www.drivespark.com/img/2016/06/hero-electric-optima-dx-cover-20-1466404769.jpg"        
       },
       {
        "id":3,
        "name":"Ampere Rio",
        "price":10900,
        "battery":"1.15 kW Lithium Ion Battery",
        "speed":"25-30 kmph Top Speed",
        "weight":"70 kg Kerb Weight",
        "chargingtime":"5-6 hrs ",
        "imageUrl":"https://i10.dainikbhaskar.com/thumbnails/730x548/web2images/www.bhaskar.com/2019/12/25/new-reo-elite-header-final-1_1577275415.jpg"        
     }
          ],
    "bike": [
       {
          "id":1,
          "name":"Tork T6X",
          "speed":"100 to 150 km TBC",
          "imageUrl":"https://bd.gaadicdn.com/processedimages/tork/t6x/source/v_tork-t6x1531292461.jpg",
          "price": 124999       
       },
       {
        "id":2,
        "name":"Revolt RV 400",
        "speed":"80 kmph Top Speed",
        "imageUrl":"https://bd.gaadicdn.com/processedimages/revolt-motors/rv-400/source/v_rv-400-std1560849903.jpg",
        "price": 98999       
     },
     {
      "id":3,
      "name":"Ultraviolet Z77",
      "speed":"100 to 150 km TBC",
      "imageUrl":"https://www.rushlane.com/wp-content/uploads/2019/11/ultraviolett-electric-motorcycle-launch-india.jpg",
      "price": 299999      
   }
           ],
    "cycle": [
      {
        "id":1,
        "name":"Fury 518",
        "battery":"36V * 10.4Ah",
        "throttle":"YES",
        "pedal":"12 magnet",
        "gear":"7 Speed",
        "imageUrl":"https://lightspeed.bike/wp-content/uploads/2018/07/008.png",
        "price":56999

      },
      {
        "id":2,
        "name":"Hero Lectro e-Bikes",
        "battery":"36V * 5Ah/10.9Ah",
        "throttle":"YES/NO",
        "pedal":"8/12 magnet",
        "gear":" 7 Speed ",
        "imageUrl":"https://5.imimg.com/data5/UF/OO/MY-9485213/battery-bicycle-hero-lectro-ebikes-500x500.jpg",
        "price":135000

      },
      {
        "id":3,
        "name":"Hulikkal e-Bikes",
        "battery":"250 Watt Hrs",
        "throttle":"YES",
        "pedal":"12 magnet",
        "gear":"7 Speed",
        "imageUrl":"https://commercialvehicleinfo.com/wp-content/uploads/2018/01/Hulikkal-Sylph-E-Bike.jpg",
        "price":34900 

      }
    ],
    "cargo": [
      {  
        "id":1,
        "name":"Mahindra eSupro Cargo ​Van",
        "battery":"3.5 kW @ Peak Power",
        "engine":"25 kW @ 3000 RPM Power",
        "capacity":"600 Kg Payload capacity",
        "speed":"60 kmph Top Speed",
        "imageUrl":"https://a2zvehicle.com/wp-content/uploads/2018/12/Mahindra-Supro-Cargo-Van-Price-in-India.jpg",
        "price":1081185

      },
      {  
        "id":2,
        "name":"Kinetic Green Safar Shakti Star",
        "battery":"3.6 kWh Lithium Ion battery",
        "engine":"6.5 kW @ Peak Power",
        "capacity":"400 Kg Payload capacity",
        "speed":"​25 kmph Top Speed",
        "imageUrl":"https://www.rushlane.com/wp-content/uploads/2019/10/kinetic-electric-rickshaw-launch-price-1.jpg",
        "price":213400

      },
      {  
        "id":3,
        "name":"Gayam Motors Taskman – Cargo",
        "battery":"4.8 kWh Lithium Ion Battery",
        "engine":"4.5 kW Power",
        "capacity":"500 Kg Payload capacity",
        "speed":"55 kmph Top Speed",
        "imageUrl":"http://www.gayammotorworks.com/wp-content/uploads/2016/08/Taskman-vehicle1-800x450.jpg",
        "price": 325185

      }
    ],    
  "posts": [
    {
      "id": 1,
      "title": "json-server",
      "author": "typicode"
    }
  ],
  "comments": [
    {
      "id": 1,
      "body": "some comment",
      "postId": 1
    }
  ],
  "profile": {
    "name": "typicode"
  }
}